Günler,Kumbara
Pazar,1
Pazartesi,2
Salı,3
Çarşamba,4
Perşembe,5
Cuma,6
Cumartesi,7
Pazar,8
Pazartesi,9
Salı,10
Çarşamba,11
Perşembe,12
Cuma,13
Cumartesi,14
Pazar,15
Pazartesi,16
Salı,17
Çarşamba,18
Perşembe,19
Cuma,20
Cumartesi,21
Pazar,22
Pazartesi,23
Salı,24
Çarşamba,25
Perşembe,26
Cuma,27
Cumartesi,28
Pazar,29
Pazartesi,30
Salı,31
Çarşamba,32
Perşembe,33
Cuma,34
Cumartesi,35
Pazar,36
Pazartesi,37
Salı,38
Çarşamba,39
Perşembe,40
Cuma,41
Cumartesi,42
Pazar,43
Pazartesi,44
Salı,45
Çarşamba,46
Perşembe,47
Cuma,48
Cumartesi,49
Pazar,50
Pazartesi,51
Salı,52
Çarşamba,53
Perşembe,54
Cuma,55
Cumartesi,56
Pazar,57
Pazartesi,58
Salı,59
Çarşamba,60
Perşembe,61
Cuma,62
Cumartesi,63
Pazar,64
Pazartesi,65
Salı,66
Çarşamba,67
Perşembe,68
Cuma,69
Cumartesi,70
Pazar,71
Pazartesi,72
Salı,73
Çarşamba,74
Perşembe,75
Cuma,76
Cumartesi,77
Pazar,78
Pazartesi,79
Salı,80
Çarşamba,81
Perşembe,82
Cuma,83
Cumartesi,84
Pazar,85
Pazartesi,86
Salı,87
Çarşamba,88
Perşembe,89
Cuma,90
Cumartesi,91
Pazar,92
Pazartesi,93
Salı,94
Çarşamba,95
Perşembe,96
Cuma,97
Cumartesi,98
Pazar,99
Pazartesi,100
Salı,101
Çarşamba,102
Perşembe,103
Cuma,104
Cumartesi,105
Pazar,106
Pazartesi,107
Salı,108
Çarşamba,109
Perşembe,110
Cuma,111
Cumartesi,112
Pazar,113
Pazartesi,114
Salı,115
Çarşamba,116
Perşembe,117
Cuma,118
Cumartesi,119
Pazar,120
Pazartesi,121
Salı,122
Çarşamba,123
Perşembe,124
Cuma,125
Cumartesi,126
Pazar,127
Pazartesi,128
Salı,129
Çarşamba,130
Perşembe,131
Cuma,132
Cumartesi,133
Pazar,134
Pazartesi,135
Salı,136
Çarşamba,137
Perşembe,138
Cuma,139
Cumartesi,140
Pazar,141
Pazartesi,142
Salı,143
Çarşamba,144
Perşembe,145
Cuma,146
Cumartesi,147
Pazar,148
Pazartesi,149
Salı,150
Çarşamba,151
Perşembe,152
Cuma,153
Cumartesi,154
Pazar,155
Pazartesi,156
Salı,157
Çarşamba,158
Perşembe,159
Cuma,160
Cumartesi,161
Pazar,162
Pazartesi,163
Salı,164
Çarşamba,165
Perşembe,166
Cuma,167
Cumartesi,168
Pazar,169
Pazartesi,170
Salı,171
Çarşamba,172
Perşembe,173
Cuma,174
Cumartesi,175
Pazar,176
Pazartesi,177
Salı,178
Çarşamba,179
Perşembe,180
Cuma,181
Cumartesi,182
Pazar,183
Pazartesi,184
Salı,185
Çarşamba,186
Perşembe,187
Cuma,188
Cumartesi,189
Pazar,190
Pazartesi,191
Salı,192
Çarşamba,193
Perşembe,194
Cuma,195
Cumartesi,196
Pazar,197
Pazartesi,198
Salı,199
Çarşamba,200
Perşembe,201
Cuma,202
Cumartesi,203
Pazar,204
Pazartesi,205
Salı,206
Çarşamba,207
Perşembe,208
Cuma,209
Cumartesi,210
Pazar,211
Pazartesi,212
Salı,213
Çarşamba,214
Perşembe,215
Cuma,216
Cumartesi,217
Pazar,218
Pazartesi,219
Salı,220
Çarşamba,221
Perşembe,222
Cuma,223
Cumartesi,224
Pazar,225
Pazartesi,226
Salı,227
Çarşamba,228
Perşembe,229
Cuma,230
Cumartesi,231
Pazar,232
Pazartesi,233
Salı,234
Çarşamba,235
Perşembe,236
Cuma,237
Cumartesi,238
Pazar,239
Pazartesi,240
Salı,241
Çarşamba,242
Perşembe,243
Cuma,244
Cumartesi,245
Pazar,246
Pazartesi,247
Salı,248
Çarşamba,249